[
    {
      "_id": "a1",
      "name": "Assignment 1: Introduction to React",
      "description": "Complete a basic React application.",
      "points": 100,
      "group": "ASSIGNMENTS",
      "gradeDisplay": "Percentage",
      "submissionType": "Online",
      "dueDate": "2023-02-15T23:59:00Z",
      "availableFrom": "2023-01-20T00:00:00Z",
      "availableUntil": "2023-02-15T23:59:00Z",
      "course": "1234"
    },
    {
      "_id": "a2",
      "name": "Assignment 2: Advanced React Components",
      "description": "Create reusable components and use context API.",
      "points": 150,
      "group": "ASSIGNMENTS",
      "gradeDisplay": "Percentage",
      "submissionType": "Online",
      "dueDate": "2023-03-10T23:59:00Z",
      "availableFrom": "2023-02-20T00:00:00Z",
      "availableUntil": "2023-03-10T23:59:00Z",
      "course": "1234"
    },
    {
      "_id": "a3",
      "name": "Assignment 3: Final Project - Full Stack App",
      "description": "Develop a full stack web application using React and Node.js.",
      "points": 200,
      "group": "PROJECT",
      "gradeDisplay": "Percentage",
      "submissionType": "Online",
      "dueDate": "2023-05-01T23:59:00Z",
      "availableFrom": "2023-04-01T00:00:00Z",
      "availableUntil": "2023-05-01T23:59:00Z",
      "course": "1234"
    },
    {
      "_id": "a4",
      "name": "Assignment 1: Web Development Basics",
      "description": "Complete the HTML/CSS exercises.",
      "points": 100,
      "group": "ASSIGNMENTS",
      "gradeDisplay": "Percentage",
      "submissionType": "Online",
      "dueDate": "2023-02-10T23:59:00Z",
      "availableFrom": "2023-01-20T00:00:00Z",
      "availableUntil": "2023-02-10T23:59:00Z",
      "course": "5610"
    },
    {
      "_id": "a5",
      "name": "Assignment 2: JavaScript Functions",
      "description": "Create JavaScript functions for common tasks.",
      "points": 150,
      "group": "ASSIGNMENTS",
      "gradeDisplay": "Percentage",
      "submissionType": "Online",
      "dueDate": "2023-03-05T23:59:00Z",
      "availableFrom": "2023-02-15T00:00:00Z",
      "availableUntil": "2023-03-05T23:59:00Z",
      "course": "5610"
    },
    {
      "_id": "a6",
      "name": "Assignment 3: Web App Development",
      "description": "Develop a single-page application using React.",
      "points": 200,
      "group": "PROJECT",
      "gradeDisplay": "Percentage",
      "submissionType": "Online",
      "dueDate": "2023-04-20T23:59:00Z",
      "availableFrom": "2023-03-20T00:00:00Z",
      "availableUntil": "2023-04-20T23:59:00Z",
      "course": "5610"
    },
    {
      "_id": "a7",
      "name": "Assignment 1: Game Basics",
      "description": "Implement a simple 2D game.",
      "points": 100,
      "group": "ASSIGNMENTS",
      "gradeDisplay": "Percentage",
      "submissionType": "Online",
      "dueDate": "2023-02-25T23:59:00Z",
      "availableFrom": "2023-01-25T00:00:00Z",
      "availableUntil": "2023-02-25T23:59:00Z",
      "course": "5717"
    },
    {
      "_id": "a8",
      "name": "Assignment 2: Game Physics",
      "description": "Implement basic physics in a game.",
      "points": 150,
      "group": "PROJECT",
      "gradeDisplay": "Percentage",
      "submissionType": "Online",
      "dueDate": "2023-03-20T23:59:00Z",
      "availableFrom": "2023-02-20T00:00:00Z",
      "availableUntil": "2023-03-20T23:59:00Z",
      "course": "5717"
    },
    {
      "_id": "a9",
      "name": "Assignment 3: Game UI",
      "description": "Create a user interface for the game.",
      "points": 200,
      "group": "PROJECT",
      "gradeDisplay": "Percentage",
      "submissionType": "Online",
      "dueDate": "2023-04-30T23:59:00Z",
      "availableFrom": "2023-03-30T00:00:00Z",
      "availableUntil": "2023-04-30T23:59:00Z",
      "course": "5717"
    },
    {
      "_id": "a10",
      "name": "Assignment 1: Cloud Basics",
      "description": "Explain cloud architecture models.",
      "points": 100,
      "group": "ASSIGNMENTS",
      "gradeDisplay": "Percentage",
      "submissionType": "Online",
      "dueDate": "2023-03-15T23:59:00Z",
      "availableFrom": "2023-02-15T00:00:00Z",
      "availableUntil": "2023-03-15T23:59:00Z",
      "course": "5801"
    },
    {
      "_id": "a11",
      "name": "Assignment 2: Deploying to Cloud",
      "description": "Deploy an application on AWS or Azure.",
      "points": 150,
      "group": "PROJECT",
      "gradeDisplay": "Percentage",
      "submissionType": "Online",
      "dueDate": "2023-04-10T23:59:00Z",
      "availableFrom": "2023-03-10T00:00:00Z",
      "availableUntil": "2023-04-10T23:59:00Z",
      "course": "5801"
    },
    {
      "_id": "a12",
      "name": "Assignment 3: Cloud Security",
      "description": "Discuss security considerations in cloud computing.",
      "points": 200,
      "group": "ASSIGNMENTS",
      "gradeDisplay": "Percentage",
      "submissionType": "Online",
      "dueDate": "2023-05-01T23:59:00Z",
      "availableFrom": "2023-04-01T00:00:00Z",
      "availableUntil": "2023-05-01T23:59:00Z",
      "course": "5801"
    },
    {
      "_id": "a13",
      "name": "Assignment 1: Object-Oriented Design",
      "description": "Create a small project demonstrating OOP principles.",
      "points": 100,
      "group": "ASSIGNMENTS",
      "gradeDisplay": "Percentage",
      "submissionType": "Online",
      "dueDate": "2023-03-01T23:59:00Z",
      "availableFrom": "2023-02-01T00:00:00Z",
      "availableUntil": "2023-03-01T23:59:00Z",
      "course": "5010"
    },
    {
      "_id": "a14",
      "name": "Assignment 2: Advanced OOP Concepts",
      "description": "Demonstrate inheritance and polymorphism in a project.",
      "points": 150,
      "group": "PROJECT",
      "gradeDisplay": "Percentage",
      "submissionType": "Online",
      "dueDate": "2023-04-15T23:59:00Z",
      "availableFrom": "2023-03-15T00:00:00Z",
      "availableUntil": "2023-04-15T23:59:00Z",
      "course": "5010"
    },
    {
      "_id": "a15",
      "name": "Assignment 3: Design Patterns",
      "description": "Implement common design patterns in a project.",
      "points": 200,
      "group": "PROJECT",
      "gradeDisplay": "Percentage",
      "submissionType": "Online",
      "dueDate": "2023-04-10T23:59:00Z",
      "availableFrom": "2023-03-10T00:00:00Z",
      "availableUntil": "2023-04-10T23:59:00Z",
      "course":"5010"
    }
]