[
    {
      "_id": "M1234_1",
      "name": "Introduction to React JS",
      "description": "Basic principles of React and component-based architecture.",
      "course": "1234",
      "lessons": [
        {
          "_id": "L1234_1",
          "name": "React Fundamentals",
          "description": "Introduction to React and its core concepts.",
          "module": "M1234_1"
        },
        {
          "_id": "L1234_2",
          "name": "Component-Based Architecture",
          "description": "Understanding React's component structure.",
          "module": "M1234_1"
        },
        {
          "_id": "L1234_3",
          "name": "State and Props",
          "description": "Managing data flow in React applications.",
          "module": "M1234_1"
        }
      ]
    },
    {
      "_id": "M1234_2",
      "name": "Advanced React Concepts",
      "description": "Exploring hooks, context API, and routing in React.",
      "course": "1234",
      "lessons": [
        {
          "_id": "L1234_4",
          "name": "React Hooks",
          "description": "Using hooks for state management and side effects.",
          "module": "M1234_2"
        },
        {
          "_id": "L1234_5",
          "name": "Context API",
          "description": "Managing global state with Context API.",
          "module": "M1234_2"
        },
        {
          "_id": "L1234_6",
          "name": "React Router",
          "description": "Implementing navigation in React applications.",
          "module": "M1234_2"
        }
      ]
    },
    {
      "_id": "M5610_1",
      "name": "Front-End Development",
      "description": "Introduction to front-end web technologies.",
      "course": "5610",
      "lessons": [
        {
          "_id": "L5610_1",
          "name": "HTML and CSS Basics",
          "description": "Fundamentals of HTML and CSS for web development.",
          "module": "M5610_1"
        },
        {
          "_id": "L5610_2",
          "name": "JavaScript Essentials",
          "description": "Core concepts of JavaScript programming.",
          "module": "M5610_1"
        },
        {
          "_id": "L5610_3",
          "name": "Responsive Web Design",
          "description": "Creating responsive layouts for various devices.",
          "module": "M5610_1"
        }
      ]
    },
    {
      "_id": "M5610_2",
      "name": "Back-End Development",
      "description": "Server-side programming and database management.",
      "course": "5610",
      "lessons": [
        {
          "_id": "L5610_4",
          "name": "Node.js and Express",
          "description": "Building server-side applications with Node.js and Express.",
          "module": "M5610_2"
        },
        {
          "_id": "L5610_5",
          "name": "Database Design",
          "description": "Designing and implementing databases for web applications.",
          "module": "M5610_2"
        },
        {
          "_id": "L5610_6",
          "name": "RESTful API Development",
          "description": "Creating and consuming RESTful APIs.",
          "module": "M5610_2"
        }
      ]
    },
    {
      "_id": "M5717_1",
      "name": "Game Design Principles",
      "description": "Fundamentals of game design and player experience.",
      "course": "5717",
      "lessons": [
        {
          "_id": "L5717_1",
          "name": "Game Design Fundamentals",
          "description": "Core concepts of game design and mechanics.",
          "module": "M5717_1"
        },
        {
          "_id": "L5717_2",
          "name": "Player Psychology",
          "description": "Understanding player motivation and engagement.",
          "module": "M5717_1"
        },
        {
          "_id": "L5717_3",
          "name": "Level Design",
          "description": "Principles of effective level design in games.",
          "module": "M5717_1"
        }
      ]
    },
    {
      "_id": "M5717_2",
      "name": "Game Engine Development",
      "description": "Working with popular game engines and tools.",
      "course": "5717",
      "lessons": [
        {
          "_id": "L5717_4",
          "name": "Introduction to Unity",
          "description": "Getting started with the Unity game engine.",
          "module": "M5717_2"
        },
        {
          "_id": "L5717_5",
          "name": "3D Modeling for Games",
          "description": "Creating 3D assets for game development.",
          "module": "M5717_2"
        },
        {
          "_id": "L5717_6",
          "name": "Game Physics and AI",
          "description": "Implementing physics and AI in game environments.",
          "module": "M5717_2"
        }
      ]
    },
    {
      "_id": "M5801_1",
      "name": "Cloud Computing Fundamentals",
      "description": "Introduction to cloud computing concepts and services.",
      "course": "5801",
      "lessons": [
        {
          "_id": "L5801_1",
          "name": "Cloud Computing Overview",
          "description": "Introduction to cloud computing models and services.",
          "module": "M5801_1"
        },
        {
          "_id": "L5801_2",
          "name": "Virtualization Technologies",
          "description": "Understanding virtualization in cloud environments.",
          "module": "M5801_1"
        },
        {
          "_id": "L5801_3",
          "name": "Cloud Security",
          "description": "Security considerations in cloud computing.",
          "module": "M5801_1"
        }
      ]
    },
    {
      "_id": "M5801_2",
      "name": "Cloud Architecture and Implementation",
      "description": "Designing and implementing cloud solutions.",
      "course": "5801",
      "lessons": [
        {
          "_id": "L5801_4",
          "name": "Cloud Architecture Patterns",
          "description": "Common architectural patterns in cloud computing.",
          "module": "M5801_2"
        },
        {
          "_id": "L5801_5",
          "name": "Containerization and Orchestration",
          "description": "Working with containers and orchestration tools.",
          "module": "M5801_2"
        },
        {
          "_id": "L5801_6",
          "name": "Cloud Migration Strategies",
          "description": "Approaches for migrating applications to the cloud.",
          "module": "M5801_2"
        }
      ]
    },
    {
      "_id": "M5010_1",
      "name": "Object-Oriented Programming Fundamentals",
      "description": "Core concepts of object-oriented programming.",
      "course": "5010",
      "lessons": [
        {
          "_id": "L5010_1",
          "name": "OOP Principles",
          "description": "Introduction to encapsulation, inheritance, and polymorphism.",
          "module": "M5010_1"
        },
        {
          "_id": "L5010_2",
          "name": "Class Design",
          "description": "Designing effective classes and objects.",
          "module": "M5010_1"
        },
        {
          "_id": "L5010_3",
          "name": "Design Patterns",
          "description": "Common design patterns in OOP.",
          "module": "M5010_1"
        }
      ]
    },
    {
      "_id": "M5010_2",
      "name": "Advanced Programming Paradigms",
      "description": "Exploring functional and procedural programming paradigms.",
      "course": "5010",
      "lessons": [
        {
          "_id": "L5010_4",
          "name": "Functional Programming",
          "description": "Introduction to functional programming concepts.",
          "module": "M5010_2"
        },
        {
          "_id": "L5010_5",
          "name": "Procedural Programming",
          "description": "Understanding procedural programming techniques.",
          "module": "M5010_2"
        },
        {
          "_id": "L5010_6",
          "name": "Comparative Analysis",
          "description": "Comparing different programming paradigms.",
          "module": "M5010_2"
        }
      ]
    },
    {
      "_id": "M5890_1",
      "name": "AI Fundamentals",
      "description": "Introduction to artificial intelligence and machine learning.",
      "course": "5890",
      "lessons": [
        {
          "_id": "L5890_1",
          "name": "Introduction to AI",
          "description": "Overview of AI concepts and applications.",
          "module": "M5890_1"
        },
        {
          "_id": "L5890_2",
          "name": "Machine Learning Basics",
          "description": "Fundamentals of machine learning algorithms.",
          "module": "M5890_1"
        },
        {
          "_id": "L5890_3",
          "name": "Neural Networks",
          "description": "Introduction to neural networks and deep learning.",
          "module": "M5890_1"
        }
      ]
    },
    {
      "_id": "M5890_2",
      "name": "Advanced AI Topics",
      "description": "Exploring advanced AI techniques and applications.",
      "course": "5890",
      "lessons": [
        {
          "_id": "L5890_4",
          "name": "Natural Language Processing",
          "description": "Processing and understanding human language with AI.",
          "module": "M5890_2"
        },
        {
          "_id": "L5890_5",
          "name": "Computer Vision",
          "description": "AI techniques for image and video analysis.",
          "module": "M5890_2"
        },
        {
          "_id": "L5890_6",
          "name": "AI Ethics",
          "description": "Ethical considerations in AI development and deployment.",
          "module": "M5890_2"
        }
      ]
    },
    {
      "_id": "M5900_1",
      "name": "Machine Learning Fundamentals",
      "description": "Core concepts and algorithms in machine learning.",
      "course": "5900",
      "lessons": [
        {
          "_id": "L5900_1",
          "name": "Supervised Learning",
          "description": "Introduction to supervised learning algorithms.",
          "module": "M5900_1"
        },
        {
          "_id": "L5900_2",
          "name": "Unsupervised Learning",
          "description": "Exploring unsupervised learning techniques.",
          "module": "M5900_1"
        },
        {
          "_id": "L5900_3",
          "name": "Model Evaluation",
          "description": "Techniques for evaluating machine learning models.",
          "module": "M5900_1"
        }
      ]
    },
    {
      "_id": "M5900_2",
      "name": "Advanced Machine Learning",
      "description": "Advanced topics and applications in machine learning.",
      "course": "5900",
      "lessons": [
        {
          "_id": "L5900_4",
          "name": "Ensemble Methods",
          "description": "Using ensemble techniques to improve model performance.",
          "module": "M5900_2"
        },
        {
          "_id": "L5900_5",
          "name": "Deep Learning",
          "description": "Advanced neural network architectures and applications.",
          "module": "M5900_2"
        },
        {
          "_id": "L5900_6",
          "name": "Reinforcement Learning",
          "description": "Introduction to reinforcement learning concepts.",
          "module": "M5900_2"
        }
      ]
    },
    {
      "_id": "M6150_1",
      "name": "Mobile App Development Fundamentals",
      "description": "Introduction to mobile app development for iOS and Android.",
      "course": "6150",
      "lessons": [
        {
          "_id": "L6150_1",
          "name": "Mobile UI Design",
          "description": "Principles of designing user interfaces for mobile devices.",
          "module": "M6150_1"
        },
        {
          "_id": "L6150_2",
          "name": "iOS Development Basics",
          "description": "Introduction to iOS app development with Swift.",
          "module": "M6150_1"
        },
        {
          "_id": "L6150_3",
          "name": "Android Development Basics",
          "description": "Getting started with Android app development using Kotlin.",
          "module": "M6150_1"
        }
      ]
    },
    {
      "_id": "M6150_2",
      "name": "Advanced Mobile App Development",
      "description": "Advanced topics in mobile app development and deployment.",
      "course": "6150",
      "lessons": [
        {
          "_id": "L6150_4",
          "name": "Cross-Platform Development",
          "description": "Building apps for multiple platforms using frameworks like React Native.",
          "module": "M6150_2"
        },
        {
          "_id": "L6150_5",
          "name": "Mobile App Security",
          "description": "Implementing security measures in mobile applications.",
          "module": "M6150_2"
        },
        {
          "_id": "L6150_6",
          "name": "App Store Deployment",
          "description": "Preparing and submitting apps to iOS and Android app stores.",
          "module": "M6150_2"
        }
      ]
    }
  ]